<PAMDataset>
  <PAMRasterBand band="1">
    <GDALRasterAttributeTable>
      <FieldDefn index="0">
        <Name>min</Name>
        <Type>1</Type>
        <Usage>3</Usage>
      </FieldDefn>
      <FieldDefn index="1">
        <Name>max</Name>
        <Type>1</Type>
        <Usage>4</Usage>
      </FieldDefn>
      <FieldDefn index="2">
        <Name>redmin</Name>
        <Type>0</Type>
        <Usage>10</Usage>
      </FieldDefn>
      <FieldDefn index="3">
        <Name>redmax</Name>
        <Type>0</Type>
        <Usage>14</Usage>
      </FieldDefn>
      <FieldDefn index="4">
        <Name>greenmin</Name>
        <Type>0</Type>
        <Usage>11</Usage>
      </FieldDefn>
      <FieldDefn index="5">
        <Name>greenmax</Name>
        <Type>0</Type>
        <Usage>15</Usage>
      </FieldDefn>
      <FieldDefn index="6">
        <Name>bluemin</Name>
        <Type>0</Type>
        <Usage>12</Usage>
      </FieldDefn>
      <FieldDefn index="7">
        <Name>bluemax</Name>
        <Type>0</Type>
        <Usage>16</Usage>
      </FieldDefn>
      <Row index="0">
        <F>343.13022856174</F>
        <F>344.4591399600137</F>
        <F>251</F>
        <F>253</F>
        <F>231</F>
        <F>231</F>
        <F>35</F>
        <F>37</F>
      </Row>
      <Row index="1">
        <F>341.8013171634663</F>
        <F>343.13022856174</F>
        <F>248</F>
        <F>251</F>
        <F>230</F>
        <F>231</F>
        <F>33</F>
        <F>35</F>
      </Row>
      <Row index="2">
        <F>340.4724057651926</F>
        <F>341.8013171634663</F>
        <F>246</F>
        <F>248</F>
        <F>230</F>
        <F>230</F>
        <F>32</F>
        <F>33</F>
      </Row>
      <Row index="3">
        <F>339.1401042868213</F>
        <F>340.4724057651926</F>
        <F>244</F>
        <F>246</F>
        <F>230</F>
        <F>230</F>
        <F>30</F>
        <F>32</F>
      </Row>
      <Row index="4">
        <F>337.8111928885476</F>
        <F>339.1401042868213</F>
        <F>241</F>
        <F>244</F>
        <F>229</F>
        <F>230</F>
        <F>29</F>
        <F>30</F>
      </Row>
      <Row index="5">
        <F>336.482281490274</F>
        <F>337.8111928885476</F>
        <F>239</F>
        <F>241</F>
        <F>229</F>
        <F>229</F>
        <F>28</F>
        <F>29</F>
      </Row>
      <Row index="6">
        <F>335.1533700920002</F>
        <F>336.482281490274</F>
        <F>236</F>
        <F>239</F>
        <F>229</F>
        <F>229</F>
        <F>27</F>
        <F>28</F>
      </Row>
      <Row index="7">
        <F>333.8244586937266</F>
        <F>335.1533700920002</F>
        <F>234</F>
        <F>236</F>
        <F>229</F>
        <F>229</F>
        <F>26</F>
        <F>27</F>
      </Row>
      <Row index="8">
        <F>332.4955472954529</F>
        <F>333.8244586937266</F>
        <F>231</F>
        <F>234</F>
        <F>228</F>
        <F>229</F>
        <F>25</F>
        <F>26</F>
      </Row>
      <Row index="9">
        <F>331.1632458170816</F>
        <F>332.4955472954529</F>
        <F>229</F>
        <F>231</F>
        <F>228</F>
        <F>228</F>
        <F>25</F>
        <F>25</F>
      </Row>
      <Row index="10">
        <F>329.8343344188079</F>
        <F>331.1632458170816</F>
        <F>226</F>
        <F>229</F>
        <F>228</F>
        <F>228</F>
        <F>24</F>
        <F>25</F>
      </Row>
      <Row index="11">
        <F>328.5054230205342</F>
        <F>329.8343344188079</F>
        <F>223</F>
        <F>226</F>
        <F>227</F>
        <F>228</F>
        <F>24</F>
        <F>24</F>
      </Row>
      <Row index="12">
        <F>327.1765116222605</F>
        <F>328.5054230205342</F>
        <F>221</F>
        <F>223</F>
        <F>227</F>
        <F>227</F>
        <F>24</F>
        <F>24</F>
      </Row>
      <Row index="13">
        <F>325.8476002239869</F>
        <F>327.1765116222605</F>
        <F>218</F>
        <F>221</F>
        <F>227</F>
        <F>227</F>
        <F>25</F>
        <F>24</F>
      </Row>
      <Row index="14">
        <F>324.5186888257132</F>
        <F>325.8476002239869</F>
        <F>216</F>
        <F>218</F>
        <F>226</F>
        <F>227</F>
        <F>25</F>
        <F>25</F>
      </Row>
      <Row index="15">
        <F>323.1863873473418</F>
        <F>324.5186888257132</F>
        <F>213</F>
        <F>216</F>
        <F>226</F>
        <F>226</F>
        <F>26</F>
        <F>25</F>
      </Row>
      <Row index="16">
        <F>321.8574759490682</F>
        <F>323.1863873473418</F>
        <F>210</F>
        <F>213</F>
        <F>226</F>
        <F>226</F>
        <F>27</F>
        <F>26</F>
      </Row>
      <Row index="17">
        <F>320.5285645507946</F>
        <F>321.8574759490682</F>
        <F>208</F>
        <F>210</F>
        <F>225</F>
        <F>226</F>
        <F>28</F>
        <F>27</F>
      </Row>
      <Row index="18">
        <F>319.1996531525209</F>
        <F>320.5285645507946</F>
        <F>205</F>
        <F>208</F>
        <F>225</F>
        <F>225</F>
        <F>29</F>
        <F>28</F>
      </Row>
      <Row index="19">
        <F>317.8707417542471</F>
        <F>319.1996531525209</F>
        <F>202</F>
        <F>205</F>
        <F>225</F>
        <F>225</F>
        <F>31</F>
        <F>29</F>
      </Row>
      <Row index="20">
        <F>316.5418303559734</F>
        <F>317.8707417542471</F>
        <F>200</F>
        <F>202</F>
        <F>224</F>
        <F>225</F>
        <F>32</F>
        <F>31</F>
      </Row>
      <Row index="21">
        <F>315.2129189576998</F>
        <F>316.5418303559734</F>
        <F>197</F>
        <F>200</F>
        <F>224</F>
        <F>224</F>
        <F>33</F>
        <F>32</F>
      </Row>
      <Row index="22">
        <F>313.8806174793285</F>
        <F>315.2129189576998</F>
        <F>194</F>
        <F>197</F>
        <F>223</F>
        <F>224</F>
        <F>35</F>
        <F>33</F>
      </Row>
      <Row index="23">
        <F>312.5517060810548</F>
        <F>313.8806174793285</F>
        <F>192</F>
        <F>194</F>
        <F>223</F>
        <F>223</F>
        <F>37</F>
        <F>35</F>
      </Row>
      <Row index="24">
        <F>311.2227946827811</F>
        <F>312.5517060810548</F>
        <F>189</F>
        <F>192</F>
        <F>223</F>
        <F>223</F>
        <F>38</F>
        <F>37</F>
      </Row>
      <Row index="25">
        <F>309.8938832845075</F>
        <F>311.2227946827811</F>
        <F>186</F>
        <F>189</F>
        <F>222</F>
        <F>223</F>
        <F>40</F>
        <F>38</F>
      </Row>
      <Row index="26">
        <F>308.5649718862338</F>
        <F>309.8938832845075</F>
        <F>184</F>
        <F>186</F>
        <F>222</F>
        <F>222</F>
        <F>41</F>
        <F>40</F>
      </Row>
      <Row index="27">
        <F>307.2360604879601</F>
        <F>308.5649718862338</F>
        <F>181</F>
        <F>184</F>
        <F>222</F>
        <F>222</F>
        <F>43</F>
        <F>41</F>
      </Row>
      <Row index="28">
        <F>305.9037590095888</F>
        <F>307.2360604879601</F>
        <F>178</F>
        <F>181</F>
        <F>221</F>
        <F>222</F>
        <F>45</F>
        <F>43</F>
      </Row>
      <Row index="29">
        <F>304.5748476113151</F>
        <F>305.9037590095888</F>
        <F>176</F>
        <F>178</F>
        <F>221</F>
        <F>221</F>
        <F>47</F>
        <F>45</F>
      </Row>
      <Row index="30">
        <F>303.2459362130414</F>
        <F>304.5748476113151</F>
        <F>173</F>
        <F>176</F>
        <F>220</F>
        <F>221</F>
        <F>48</F>
        <F>47</F>
      </Row>
      <Row index="31">
        <F>301.9170248147677</F>
        <F>303.2459362130414</F>
        <F>170</F>
        <F>173</F>
        <F>220</F>
        <F>220</F>
        <F>50</F>
        <F>48</F>
      </Row>
      <Row index="32">
        <F>300.588113416494</F>
        <F>301.9170248147677</F>
        <F>168</F>
        <F>170</F>
        <F>219</F>
        <F>220</F>
        <F>52</F>
        <F>50</F>
      </Row>
      <Row index="33">
        <F>299.2592020182204</F>
        <F>300.588113416494</F>
        <F>165</F>
        <F>168</F>
        <F>219</F>
        <F>219</F>
        <F>54</F>
        <F>52</F>
      </Row>
      <Row index="34">
        <F>297.9302906199467</F>
        <F>299.2592020182204</F>
        <F>162</F>
        <F>165</F>
        <F>218</F>
        <F>219</F>
        <F>55</F>
        <F>54</F>
      </Row>
      <Row index="35">
        <F>296.5979891415754</F>
        <F>297.9302906199467</F>
        <F>160</F>
        <F>162</F>
        <F>218</F>
        <F>218</F>
        <F>57</F>
        <F>55</F>
      </Row>
      <Row index="36">
        <F>295.2690777433017</F>
        <F>296.5979891415754</F>
        <F>157</F>
        <F>160</F>
        <F>217</F>
        <F>218</F>
        <F>59</F>
        <F>57</F>
      </Row>
      <Row index="37">
        <F>293.940166345028</F>
        <F>295.2690777433017</F>
        <F>155</F>
        <F>157</F>
        <F>217</F>
        <F>217</F>
        <F>60</F>
        <F>59</F>
      </Row>
      <Row index="38">
        <F>292.6112549467543</F>
        <F>293.940166345028</F>
        <F>152</F>
        <F>155</F>
        <F>216</F>
        <F>217</F>
        <F>62</F>
        <F>60</F>
      </Row>
      <Row index="39">
        <F>291.2823435484806</F>
        <F>292.6112549467543</F>
        <F>149</F>
        <F>152</F>
        <F>216</F>
        <F>216</F>
        <F>64</F>
        <F>62</F>
      </Row>
      <Row index="40">
        <F>289.953432150207</F>
        <F>291.2823435484806</F>
        <F>147</F>
        <F>149</F>
        <F>215</F>
        <F>216</F>
        <F>65</F>
        <F>64</F>
      </Row>
      <Row index="41">
        <F>288.6211306718357</F>
        <F>289.953432150207</F>
        <F>144</F>
        <F>147</F>
        <F>215</F>
        <F>215</F>
        <F>67</F>
        <F>65</F>
      </Row>
      <Row index="42">
        <F>287.292219273562</F>
        <F>288.6211306718357</F>
        <F>142</F>
        <F>144</F>
        <F>214</F>
        <F>215</F>
        <F>69</F>
        <F>67</F>
      </Row>
      <Row index="43">
        <F>285.9633078752883</F>
        <F>287.292219273562</F>
        <F>139</F>
        <F>142</F>
        <F>214</F>
        <F>214</F>
        <F>70</F>
        <F>69</F>
      </Row>
      <Row index="44">
        <F>284.6343964770146</F>
        <F>285.9633078752883</F>
        <F>137</F>
        <F>139</F>
        <F>213</F>
        <F>214</F>
        <F>72</F>
        <F>70</F>
      </Row>
      <Row index="45">
        <F>283.305485078741</F>
        <F>284.6343964770146</F>
        <F>134</F>
        <F>137</F>
        <F>213</F>
        <F>213</F>
        <F>73</F>
        <F>72</F>
      </Row>
      <Row index="46">
        <F>281.9765736804673</F>
        <F>283.305485078741</F>
        <F>132</F>
        <F>134</F>
        <F>212</F>
        <F>213</F>
        <F>75</F>
        <F>73</F>
      </Row>
      <Row index="47">
        <F>280.644272202096</F>
        <F>281.9765736804673</F>
        <F>129</F>
        <F>132</F>
        <F>211</F>
        <F>212</F>
        <F>77</F>
        <F>75</F>
      </Row>
      <Row index="48">
        <F>279.3153608038223</F>
        <F>280.644272202096</F>
        <F>127</F>
        <F>129</F>
        <F>211</F>
        <F>211</F>
        <F>78</F>
        <F>77</F>
      </Row>
      <Row index="49">
        <F>277.9864494055486</F>
        <F>279.3153608038223</F>
        <F>124</F>
        <F>127</F>
        <F>210</F>
        <F>211</F>
        <F>80</F>
        <F>78</F>
      </Row>
      <Row index="50">
        <F>276.6575380072749</F>
        <F>277.9864494055486</F>
        <F>122</F>
        <F>124</F>
        <F>209</F>
        <F>210</F>
        <F>81</F>
        <F>80</F>
      </Row>
      <Row index="51">
        <F>275.3286266090012</F>
        <F>276.6575380072749</F>
        <F>119</F>
        <F>122</F>
        <F>209</F>
        <F>209</F>
        <F>83</F>
        <F>81</F>
      </Row>
      <Row index="52">
        <F>273.9997152107276</F>
        <F>275.3286266090012</F>
        <F>117</F>
        <F>119</F>
        <F>208</F>
        <F>209</F>
        <F>84</F>
        <F>83</F>
      </Row>
      <Row index="53">
        <F>272.6708038124539</F>
        <F>273.9997152107276</F>
        <F>115</F>
        <F>117</F>
        <F>208</F>
        <F>208</F>
        <F>86</F>
        <F>84</F>
      </Row>
      <Row index="54">
        <F>271.3385023340825</F>
        <F>272.6708038124539</F>
        <F>112</F>
        <F>115</F>
        <F>207</F>
        <F>208</F>
        <F>87</F>
        <F>86</F>
      </Row>
      <Row index="55">
        <F>270.0095909358089</F>
        <F>271.3385023340825</F>
        <F>110</F>
        <F>112</F>
        <F>206</F>
        <F>207</F>
        <F>88</F>
        <F>87</F>
      </Row>
      <Row index="56">
        <F>268.6806795375352</F>
        <F>270.0095909358089</F>
        <F>108</F>
        <F>110</F>
        <F>205</F>
        <F>206</F>
        <F>90</F>
        <F>88</F>
      </Row>
      <Row index="57">
        <F>267.3517681392615</F>
        <F>268.6806795375352</F>
        <F>105</F>
        <F>108</F>
        <F>205</F>
        <F>205</F>
        <F>91</F>
        <F>90</F>
      </Row>
      <Row index="58">
        <F>266.0228567409879</F>
        <F>267.3517681392615</F>
        <F>103</F>
        <F>105</F>
        <F>204</F>
        <F>205</F>
        <F>92</F>
        <F>91</F>
      </Row>
      <Row index="59">
        <F>264.6939453427142</F>
        <F>266.0228567409879</F>
        <F>101</F>
        <F>103</F>
        <F>203</F>
        <F>204</F>
        <F>94</F>
        <F>92</F>
      </Row>
      <Row index="60">
        <F>263.3616438643429</F>
        <F>264.6939453427142</F>
        <F>99</F>
        <F>101</F>
        <F>203</F>
        <F>203</F>
        <F>95</F>
        <F>94</F>
      </Row>
      <Row index="61">
        <F>262.0327324660692</F>
        <F>263.3616438643429</F>
        <F>96</F>
        <F>99</F>
        <F>202</F>
        <F>203</F>
        <F>96</F>
        <F>95</F>
      </Row>
      <Row index="62">
        <F>260.7038210677954</F>
        <F>262.0327324660692</F>
        <F>94</F>
        <F>96</F>
        <F>201</F>
        <F>202</F>
        <F>98</F>
        <F>96</F>
      </Row>
      <Row index="63">
        <F>259.3749096695218</F>
        <F>260.7038210677954</F>
        <F>92</F>
        <F>94</F>
        <F>200</F>
        <F>201</F>
        <F>99</F>
        <F>98</F>
      </Row>
      <Row index="64">
        <F>258.0459982712482</F>
        <F>259.3749096695218</F>
        <F>90</F>
        <F>92</F>
        <F>200</F>
        <F>200</F>
        <F>100</F>
        <F>99</F>
      </Row>
      <Row index="65">
        <F>256.7170868729744</F>
        <F>258.0459982712482</F>
        <F>88</F>
        <F>90</F>
        <F>199</F>
        <F>200</F>
        <F>101</F>
        <F>100</F>
      </Row>
      <Row index="66">
        <F>255.3847853946031</F>
        <F>256.7170868729744</F>
        <F>86</F>
        <F>88</F>
        <F>198</F>
        <F>199</F>
        <F>103</F>
        <F>101</F>
      </Row>
      <Row index="67">
        <F>254.0558739963294</F>
        <F>255.3847853946031</F>
        <F>84</F>
        <F>86</F>
        <F>197</F>
        <F>198</F>
        <F>104</F>
        <F>103</F>
      </Row>
      <Row index="68">
        <F>252.7269625980558</F>
        <F>254.0558739963294</F>
        <F>82</F>
        <F>84</F>
        <F>197</F>
        <F>197</F>
        <F>105</F>
        <F>104</F>
      </Row>
      <Row index="69">
        <F>251.3980511997821</F>
        <F>252.7269625980558</F>
        <F>80</F>
        <F>82</F>
        <F>196</F>
        <F>197</F>
        <F>106</F>
        <F>105</F>
      </Row>
      <Row index="70">
        <F>250.0691398015084</F>
        <F>251.3980511997821</F>
        <F>78</F>
        <F>80</F>
        <F>195</F>
        <F>196</F>
        <F>107</F>
        <F>106</F>
      </Row>
      <Row index="71">
        <F>248.7402284032347</F>
        <F>250.0691398015084</F>
        <F>76</F>
        <F>78</F>
        <F>194</F>
        <F>195</F>
        <F>108</F>
        <F>107</F>
      </Row>
      <Row index="72">
        <F>247.4113170049611</F>
        <F>248.7402284032347</F>
        <F>74</F>
        <F>76</F>
        <F>193</F>
        <F>194</F>
        <F>109</F>
        <F>108</F>
      </Row>
      <Row index="73">
        <F>246.0790155265897</F>
        <F>247.4113170049611</F>
        <F>72</F>
        <F>74</F>
        <F>193</F>
        <F>193</F>
        <F>110</F>
        <F>109</F>
      </Row>
      <Row index="74">
        <F>244.750104128316</F>
        <F>246.0790155265897</F>
        <F>70</F>
        <F>72</F>
        <F>192</F>
        <F>193</F>
        <F>111</F>
        <F>110</F>
      </Row>
      <Row index="75">
        <F>243.4211927300424</F>
        <F>244.750104128316</F>
        <F>68</F>
        <F>70</F>
        <F>191</F>
        <F>192</F>
        <F>112</F>
        <F>111</F>
      </Row>
      <Row index="76">
        <F>242.0922813317687</F>
        <F>243.4211927300424</F>
        <F>66</F>
        <F>68</F>
        <F>190</F>
        <F>191</F>
        <F>113</F>
        <F>112</F>
      </Row>
      <Row index="77">
        <F>240.763369933495</F>
        <F>242.0922813317687</F>
        <F>64</F>
        <F>66</F>
        <F>189</F>
        <F>190</F>
        <F>114</F>
        <F>113</F>
      </Row>
      <Row index="78">
        <F>239.4344585352213</F>
        <F>240.763369933495</F>
        <F>63</F>
        <F>64</F>
        <F>188</F>
        <F>189</F>
        <F>115</F>
        <F>114</F>
      </Row>
      <Row index="79">
        <F>238.10215705685</F>
        <F>239.4344585352213</F>
        <F>61</F>
        <F>63</F>
        <F>188</F>
        <F>188</F>
        <F>116</F>
        <F>115</F>
      </Row>
      <Row index="80">
        <F>236.7732456585763</F>
        <F>238.10215705685</F>
        <F>59</F>
        <F>61</F>
        <F>187</F>
        <F>188</F>
        <F>117</F>
        <F>116</F>
      </Row>
      <Row index="81">
        <F>235.4443342603027</F>
        <F>236.7732456585763</F>
        <F>58</F>
        <F>59</F>
        <F>186</F>
        <F>187</F>
        <F>118</F>
        <F>117</F>
      </Row>
      <Row index="82">
        <F>234.115422862029</F>
        <F>235.4443342603027</F>
        <F>56</F>
        <F>58</F>
        <F>185</F>
        <F>186</F>
        <F>119</F>
        <F>118</F>
      </Row>
      <Row index="83">
        <F>232.7865114637553</F>
        <F>234.115422862029</F>
        <F>55</F>
        <F>56</F>
        <F>184</F>
        <F>185</F>
        <F>120</F>
        <F>119</F>
      </Row>
      <Row index="84">
        <F>231.4576000654816</F>
        <F>232.7865114637553</F>
        <F>53</F>
        <F>55</F>
        <F>183</F>
        <F>184</F>
        <F>121</F>
        <F>120</F>
      </Row>
      <Row index="85">
        <F>230.128688667208</F>
        <F>231.4576000654816</F>
        <F>52</F>
        <F>53</F>
        <F>182</F>
        <F>183</F>
        <F>121</F>
        <F>121</F>
      </Row>
      <Row index="86">
        <F>228.7963871888366</F>
        <F>230.128688667208</F>
        <F>50</F>
        <F>52</F>
        <F>182</F>
        <F>182</F>
        <F>122</F>
        <F>121</F>
      </Row>
      <Row index="87">
        <F>227.4674757905629</F>
        <F>228.7963871888366</F>
        <F>49</F>
        <F>50</F>
        <F>181</F>
        <F>182</F>
        <F>123</F>
        <F>122</F>
      </Row>
      <Row index="88">
        <F>226.1385643922893</F>
        <F>227.4674757905629</F>
        <F>47</F>
        <F>49</F>
        <F>180</F>
        <F>181</F>
        <F>124</F>
        <F>123</F>
      </Row>
      <Row index="89">
        <F>224.8096529940156</F>
        <F>226.1385643922893</F>
        <F>46</F>
        <F>47</F>
        <F>179</F>
        <F>180</F>
        <F>124</F>
        <F>124</F>
      </Row>
      <Row index="90">
        <F>223.4807415957419</F>
        <F>224.8096529940156</F>
        <F>45</F>
        <F>46</F>
        <F>178</F>
        <F>179</F>
        <F>125</F>
        <F>124</F>
      </Row>
      <Row index="91">
        <F>222.1518301974682</F>
        <F>223.4807415957419</F>
        <F>44</F>
        <F>45</F>
        <F>177</F>
        <F>178</F>
        <F>126</F>
        <F>125</F>
      </Row>
      <Row index="92">
        <F>220.8195287190969</F>
        <F>222.1518301974682</F>
        <F>42</F>
        <F>44</F>
        <F>176</F>
        <F>177</F>
        <F>127</F>
        <F>126</F>
      </Row>
      <Row index="93">
        <F>219.4906173208232</F>
        <F>220.8195287190969</F>
        <F>41</F>
        <F>42</F>
        <F>175</F>
        <F>176</F>
        <F>127</F>
        <F>127</F>
      </Row>
      <Row index="94">
        <F>218.1617059225495</F>
        <F>219.4906173208232</F>
        <F>40</F>
        <F>41</F>
        <F>174</F>
        <F>175</F>
        <F>128</F>
        <F>127</F>
      </Row>
      <Row index="95">
        <F>216.8327945242759</F>
        <F>218.1617059225495</F>
        <F>39</F>
        <F>40</F>
        <F>173</F>
        <F>174</F>
        <F>129</F>
        <F>128</F>
      </Row>
      <Row index="96">
        <F>215.5038831260022</F>
        <F>216.8327945242759</F>
        <F>38</F>
        <F>39</F>
        <F>173</F>
        <F>173</F>
        <F>129</F>
        <F>129</F>
      </Row>
      <Row index="97">
        <F>214.1749717277285</F>
        <F>215.5038831260022</F>
        <F>37</F>
        <F>38</F>
        <F>172</F>
        <F>173</F>
        <F>130</F>
        <F>129</F>
      </Row>
      <Row index="98">
        <F>212.8426702493572</F>
        <F>214.1749717277285</F>
        <F>37</F>
        <F>37</F>
        <F>171</F>
        <F>172</F>
        <F>130</F>
        <F>130</F>
      </Row>
      <Row index="99">
        <F>211.5137588510835</F>
        <F>212.8426702493572</F>
        <F>36</F>
        <F>37</F>
        <F>170</F>
        <F>171</F>
        <F>131</F>
        <F>130</F>
      </Row>
      <Row index="100">
        <F>210.1848474528098</F>
        <F>211.5137588510835</F>
        <F>35</F>
        <F>36</F>
        <F>169</F>
        <F>170</F>
        <F>131</F>
        <F>131</F>
      </Row>
      <Row index="101">
        <F>208.8559360545362</F>
        <F>210.1848474528098</F>
        <F>34</F>
        <F>35</F>
        <F>168</F>
        <F>169</F>
        <F>132</F>
        <F>131</F>
      </Row>
      <Row index="102">
        <F>207.5270246562625</F>
        <F>208.8559360545362</F>
        <F>34</F>
        <F>34</F>
        <F>167</F>
        <F>168</F>
        <F>133</F>
        <F>132</F>
      </Row>
      <Row index="103">
        <F>206.1981132579888</F>
        <F>207.5270246562625</F>
        <F>33</F>
        <F>34</F>
        <F>166</F>
        <F>167</F>
        <F>133</F>
        <F>133</F>
      </Row>
      <Row index="104">
        <F>204.8692018597151</F>
        <F>206.1981132579888</F>
        <F>33</F>
        <F>33</F>
        <F>165</F>
        <F>166</F>
        <F>133</F>
        <F>133</F>
      </Row>
      <Row index="105">
        <F>203.5369003813438</F>
        <F>204.8692018597151</F>
        <F>32</F>
        <F>33</F>
        <F>164</F>
        <F>165</F>
        <F>134</F>
        <F>133</F>
      </Row>
      <Row index="106">
        <F>202.2079889830701</F>
        <F>203.5369003813438</F>
        <F>32</F>
        <F>32</F>
        <F>163</F>
        <F>164</F>
        <F>134</F>
        <F>134</F>
      </Row>
      <Row index="107">
        <F>200.8790775847964</F>
        <F>202.2079889830701</F>
        <F>31</F>
        <F>32</F>
        <F>162</F>
        <F>163</F>
        <F>135</F>
        <F>134</F>
      </Row>
      <Row index="108">
        <F>199.5501661865228</F>
        <F>200.8790775847964</F>
        <F>31</F>
        <F>31</F>
        <F>161</F>
        <F>162</F>
        <F>135</F>
        <F>135</F>
      </Row>
      <Row index="109">
        <F>198.2212547882491</F>
        <F>199.5501661865228</F>
        <F>31</F>
        <F>31</F>
        <F>161</F>
        <F>161</F>
        <F>136</F>
        <F>135</F>
      </Row>
      <Row index="110">
        <F>196.8923433899754</F>
        <F>198.2212547882491</F>
        <F>31</F>
        <F>31</F>
        <F>160</F>
        <F>161</F>
        <F>136</F>
        <F>136</F>
      </Row>
      <Row index="111">
        <F>195.5600419116041</F>
        <F>196.8923433899754</F>
        <F>31</F>
        <F>31</F>
        <F>159</F>
        <F>160</F>
        <F>136</F>
        <F>136</F>
      </Row>
      <Row index="112">
        <F>194.2311305133304</F>
        <F>195.5600419116041</F>
        <F>31</F>
        <F>31</F>
        <F>158</F>
        <F>159</F>
        <F>137</F>
        <F>136</F>
      </Row>
      <Row index="113">
        <F>192.9022191150567</F>
        <F>194.2311305133304</F>
        <F>30</F>
        <F>31</F>
        <F>157</F>
        <F>158</F>
        <F>137</F>
        <F>137</F>
      </Row>
      <Row index="114">
        <F>191.5733077167831</F>
        <F>192.9022191150567</F>
        <F>30</F>
        <F>30</F>
        <F>156</F>
        <F>157</F>
        <F>137</F>
        <F>137</F>
      </Row>
      <Row index="115">
        <F>190.2443963185094</F>
        <F>191.5733077167831</F>
        <F>30</F>
        <F>30</F>
        <F>155</F>
        <F>156</F>
        <F>138</F>
        <F>137</F>
      </Row>
      <Row index="116">
        <F>188.9154849202357</F>
        <F>190.2443963185094</F>
        <F>31</F>
        <F>30</F>
        <F>154</F>
        <F>155</F>
        <F>138</F>
        <F>138</F>
      </Row>
      <Row index="117">
        <F>187.5831834418644</F>
        <F>188.9154849202357</F>
        <F>31</F>
        <F>31</F>
        <F>153</F>
        <F>154</F>
        <F>138</F>
        <F>138</F>
      </Row>
      <Row index="118">
        <F>186.2542720435907</F>
        <F>187.5831834418644</F>
        <F>31</F>
        <F>31</F>
        <F>152</F>
        <F>153</F>
        <F>139</F>
        <F>138</F>
      </Row>
      <Row index="119">
        <F>184.925360645317</F>
        <F>186.2542720435907</F>
        <F>31</F>
        <F>31</F>
        <F>151</F>
        <F>152</F>
        <F>139</F>
        <F>139</F>
      </Row>
      <Row index="120">
        <F>183.5964492470434</F>
        <F>184.925360645317</F>
        <F>31</F>
        <F>31</F>
        <F>150</F>
        <F>151</F>
        <F>139</F>
        <F>139</F>
      </Row>
      <Row index="121">
        <F>182.2675378487696</F>
        <F>183.5964492470434</F>
        <F>31</F>
        <F>31</F>
        <F>149</F>
        <F>150</F>
        <F>139</F>
        <F>139</F>
      </Row>
      <Row index="122">
        <F>180.938626450496</F>
        <F>182.2675378487696</F>
        <F>31</F>
        <F>31</F>
        <F>148</F>
        <F>149</F>
        <F>140</F>
        <F>139</F>
      </Row>
      <Row index="123">
        <F>179.6097150522223</F>
        <F>180.938626450496</F>
        <F>32</F>
        <F>31</F>
        <F>147</F>
        <F>148</F>
        <F>140</F>
        <F>140</F>
      </Row>
      <Row index="124">
        <F>178.277413573851</F>
        <F>179.6097150522223</F>
        <F>32</F>
        <F>32</F>
        <F>146</F>
        <F>147</F>
        <F>140</F>
        <F>140</F>
      </Row>
      <Row index="125">
        <F>176.9485021755773</F>
        <F>178.277413573851</F>
        <F>32</F>
        <F>32</F>
        <F>146</F>
        <F>146</F>
        <F>140</F>
        <F>140</F>
      </Row>
      <Row index="126">
        <F>175.6195907773036</F>
        <F>176.9485021755773</F>
        <F>33</F>
        <F>32</F>
        <F>145</F>
        <F>146</F>
        <F>140</F>
        <F>140</F>
      </Row>
      <Row index="127">
        <F>174.29067937903</F>
        <F>175.6195907773036</F>
        <F>33</F>
        <F>33</F>
        <F>144</F>
        <F>145</F>
        <F>141</F>
        <F>140</F>
      </Row>
      <Row index="128">
        <F>172.9617679807563</F>
        <F>174.29067937903</F>
        <F>33</F>
        <F>33</F>
        <F>143</F>
        <F>144</F>
        <F>141</F>
        <F>141</F>
      </Row>
      <Row index="129">
        <F>171.6328565824826</F>
        <F>172.9617679807563</F>
        <F>33</F>
        <F>33</F>
        <F>142</F>
        <F>143</F>
        <F>141</F>
        <F>141</F>
      </Row>
      <Row index="130">
        <F>170.3005551041113</F>
        <F>171.6328565824826</F>
        <F>34</F>
        <F>33</F>
        <F>141</F>
        <F>142</F>
        <F>141</F>
        <F>141</F>
      </Row>
      <Row index="131">
        <F>168.9716437058376</F>
        <F>170.3005551041113</F>
        <F>34</F>
        <F>34</F>
        <F>140</F>
        <F>141</F>
        <F>141</F>
        <F>141</F>
      </Row>
      <Row index="132">
        <F>167.6427323075639</F>
        <F>168.9716437058376</F>
        <F>34</F>
        <F>34</F>
        <F>139</F>
        <F>140</F>
        <F>141</F>
        <F>141</F>
      </Row>
      <Row index="133">
        <F>166.3138209092902</F>
        <F>167.6427323075639</F>
        <F>35</F>
        <F>34</F>
        <F>138</F>
        <F>139</F>
        <F>141</F>
        <F>141</F>
      </Row>
      <Row index="134">
        <F>164.9849095110166</F>
        <F>166.3138209092902</F>
        <F>35</F>
        <F>35</F>
        <F>137</F>
        <F>138</F>
        <F>142</F>
        <F>141</F>
      </Row>
      <Row index="135">
        <F>163.6559981127429</F>
        <F>164.9849095110166</F>
        <F>35</F>
        <F>35</F>
        <F>136</F>
        <F>137</F>
        <F>142</F>
        <F>142</F>
      </Row>
      <Row index="136">
        <F>162.3270867144692</F>
        <F>163.6559981127429</F>
        <F>36</F>
        <F>35</F>
        <F>135</F>
        <F>136</F>
        <F>142</F>
        <F>142</F>
      </Row>
      <Row index="137">
        <F>160.9947852360979</F>
        <F>162.3270867144692</F>
        <F>36</F>
        <F>36</F>
        <F>134</F>
        <F>135</F>
        <F>142</F>
        <F>142</F>
      </Row>
      <Row index="138">
        <F>159.6658738378242</F>
        <F>160.9947852360979</F>
        <F>37</F>
        <F>36</F>
        <F>133</F>
        <F>134</F>
        <F>142</F>
        <F>142</F>
      </Row>
      <Row index="139">
        <F>158.3369624395505</F>
        <F>159.6658738378242</F>
        <F>37</F>
        <F>37</F>
        <F>132</F>
        <F>133</F>
        <F>142</F>
        <F>142</F>
      </Row>
      <Row index="140">
        <F>157.0080510412768</F>
        <F>158.3369624395505</F>
        <F>37</F>
        <F>37</F>
        <F>131</F>
        <F>132</F>
        <F>142</F>
        <F>142</F>
      </Row>
      <Row index="141">
        <F>155.6791396430032</F>
        <F>157.0080510412768</F>
        <F>38</F>
        <F>37</F>
        <F>130</F>
        <F>131</F>
        <F>142</F>
        <F>142</F>
      </Row>
      <Row index="142">
        <F>154.3502282447295</F>
        <F>155.6791396430032</F>
        <F>38</F>
        <F>38</F>
        <F>130</F>
        <F>130</F>
        <F>142</F>
        <F>142</F>
      </Row>
      <Row index="143">
        <F>153.0179267663582</F>
        <F>154.3502282447295</F>
        <F>38</F>
        <F>38</F>
        <F>129</F>
        <F>130</F>
        <F>142</F>
        <F>142</F>
      </Row>
      <Row index="144">
        <F>151.6890153680845</F>
        <F>153.0179267663582</F>
        <F>39</F>
        <F>38</F>
        <F>128</F>
        <F>129</F>
        <F>142</F>
        <F>142</F>
      </Row>
      <Row index="145">
        <F>150.3601039698108</F>
        <F>151.6890153680845</F>
        <F>39</F>
        <F>39</F>
        <F>127</F>
        <F>128</F>
        <F>142</F>
        <F>142</F>
      </Row>
      <Row index="146">
        <F>149.0311925715371</F>
        <F>150.3601039698108</F>
        <F>39</F>
        <F>39</F>
        <F>126</F>
        <F>127</F>
        <F>142</F>
        <F>142</F>
      </Row>
      <Row index="147">
        <F>147.7022811732635</F>
        <F>149.0311925715371</F>
        <F>40</F>
        <F>39</F>
        <F>125</F>
        <F>126</F>
        <F>142</F>
        <F>142</F>
      </Row>
      <Row index="148">
        <F>146.3733697749898</F>
        <F>147.7022811732635</F>
        <F>40</F>
        <F>40</F>
        <F>124</F>
        <F>125</F>
        <F>142</F>
        <F>142</F>
      </Row>
      <Row index="149">
        <F>145.0410682966185</F>
        <F>146.3733697749898</F>
        <F>41</F>
        <F>40</F>
        <F>123</F>
        <F>124</F>
        <F>142</F>
        <F>142</F>
      </Row>
      <Row index="150">
        <F>143.7121568983448</F>
        <F>145.0410682966185</F>
        <F>41</F>
        <F>41</F>
        <F>122</F>
        <F>123</F>
        <F>142</F>
        <F>142</F>
      </Row>
      <Row index="151">
        <F>142.3832455000711</F>
        <F>143.7121568983448</F>
        <F>41</F>
        <F>41</F>
        <F>121</F>
        <F>122</F>
        <F>142</F>
        <F>142</F>
      </Row>
      <Row index="152">
        <F>141.0543341017974</F>
        <F>142.3832455000711</F>
        <F>42</F>
        <F>41</F>
        <F>120</F>
        <F>121</F>
        <F>142</F>
        <F>142</F>
      </Row>
      <Row index="153">
        <F>139.7254227035237</F>
        <F>141.0543341017974</F>
        <F>42</F>
        <F>42</F>
        <F>119</F>
        <F>120</F>
        <F>142</F>
        <F>142</F>
      </Row>
      <Row index="154">
        <F>138.3965113052501</F>
        <F>139.7254227035237</F>
        <F>42</F>
        <F>42</F>
        <F>118</F>
        <F>119</F>
        <F>142</F>
        <F>142</F>
      </Row>
      <Row index="155">
        <F>137.0675999069764</F>
        <F>138.3965113052501</F>
        <F>43</F>
        <F>42</F>
        <F>117</F>
        <F>118</F>
        <F>142</F>
        <F>142</F>
      </Row>
      <Row index="156">
        <F>135.7352984286051</F>
        <F>137.0675999069764</F>
        <F>43</F>
        <F>43</F>
        <F>116</F>
        <F>117</F>
        <F>142</F>
        <F>142</F>
      </Row>
      <Row index="157">
        <F>134.4063870303314</F>
        <F>135.7352984286051</F>
        <F>44</F>
        <F>43</F>
        <F>115</F>
        <F>116</F>
        <F>142</F>
        <F>142</F>
      </Row>
      <Row index="158">
        <F>133.0774756320577</F>
        <F>134.4063870303314</F>
        <F>44</F>
        <F>44</F>
        <F>114</F>
        <F>115</F>
        <F>142</F>
        <F>142</F>
      </Row>
      <Row index="159">
        <F>131.7485642337841</F>
        <F>133.0774756320577</F>
        <F>44</F>
        <F>44</F>
        <F>113</F>
        <F>114</F>
        <F>142</F>
        <F>142</F>
      </Row>
      <Row index="160">
        <F>130.4196528355104</F>
        <F>131.7485642337841</F>
        <F>45</F>
        <F>44</F>
        <F>113</F>
        <F>113</F>
        <F>142</F>
        <F>142</F>
      </Row>
      <Row index="161">
        <F>129.0907414372367</F>
        <F>130.4196528355104</F>
        <F>45</F>
        <F>45</F>
        <F>112</F>
        <F>113</F>
        <F>142</F>
        <F>142</F>
      </Row>
      <Row index="162">
        <F>127.7584399588654</F>
        <F>129.0907414372367</F>
        <F>46</F>
        <F>45</F>
        <F>111</F>
        <F>112</F>
        <F>142</F>
        <F>142</F>
      </Row>
      <Row index="163">
        <F>126.4295285605917</F>
        <F>127.7584399588654</F>
        <F>46</F>
        <F>46</F>
        <F>110</F>
        <F>111</F>
        <F>142</F>
        <F>142</F>
      </Row>
      <Row index="164">
        <F>125.100617162318</F>
        <F>126.4295285605917</F>
        <F>46</F>
        <F>46</F>
        <F>109</F>
        <F>110</F>
        <F>142</F>
        <F>142</F>
      </Row>
      <Row index="165">
        <F>123.7717057640443</F>
        <F>125.100617162318</F>
        <F>47</F>
        <F>46</F>
        <F>108</F>
        <F>109</F>
        <F>142</F>
        <F>142</F>
      </Row>
      <Row index="166">
        <F>122.4427943657706</F>
        <F>123.7717057640443</F>
        <F>47</F>
        <F>47</F>
        <F>107</F>
        <F>108</F>
        <F>142</F>
        <F>142</F>
      </Row>
      <Row index="167">
        <F>121.113882967497</F>
        <F>122.4427943657706</F>
        <F>48</F>
        <F>47</F>
        <F>106</F>
        <F>107</F>
        <F>142</F>
        <F>142</F>
      </Row>
      <Row index="168">
        <F>119.7815814891257</F>
        <F>121.113882967497</F>
        <F>48</F>
        <F>48</F>
        <F>105</F>
        <F>106</F>
        <F>142</F>
        <F>142</F>
      </Row>
      <Row index="169">
        <F>118.452670090852</F>
        <F>119.7815814891257</F>
        <F>49</F>
        <F>48</F>
        <F>104</F>
        <F>105</F>
        <F>142</F>
        <F>142</F>
      </Row>
      <Row index="170">
        <F>117.1237586925783</F>
        <F>118.452670090852</F>
        <F>49</F>
        <F>49</F>
        <F>103</F>
        <F>104</F>
        <F>142</F>
        <F>142</F>
      </Row>
      <Row index="171">
        <F>115.7948472943046</F>
        <F>117.1237586925783</F>
        <F>49</F>
        <F>49</F>
        <F>102</F>
        <F>103</F>
        <F>142</F>
        <F>142</F>
      </Row>
      <Row index="172">
        <F>114.4659358960309</F>
        <F>115.7948472943046</F>
        <F>50</F>
        <F>49</F>
        <F>101</F>
        <F>102</F>
        <F>142</F>
        <F>142</F>
      </Row>
      <Row index="173">
        <F>113.1370244977573</F>
        <F>114.4659358960309</F>
        <F>50</F>
        <F>50</F>
        <F>100</F>
        <F>101</F>
        <F>142</F>
        <F>142</F>
      </Row>
      <Row index="174">
        <F>111.8081130994836</F>
        <F>113.1370244977573</F>
        <F>51</F>
        <F>50</F>
        <F>99</F>
        <F>100</F>
        <F>141</F>
        <F>142</F>
      </Row>
      <Row index="175">
        <F>110.4758116211123</F>
        <F>111.8081130994836</F>
        <F>51</F>
        <F>51</F>
        <F>98</F>
        <F>99</F>
        <F>141</F>
        <F>141</F>
      </Row>
      <Row index="176">
        <F>109.1469002228386</F>
        <F>110.4758116211123</F>
        <F>52</F>
        <F>51</F>
        <F>97</F>
        <F>98</F>
        <F>141</F>
        <F>141</F>
      </Row>
      <Row index="177">
        <F>107.8179888245649</F>
        <F>109.1469002228386</F>
        <F>52</F>
        <F>52</F>
        <F>96</F>
        <F>97</F>
        <F>141</F>
        <F>141</F>
      </Row>
      <Row index="178">
        <F>106.4890774262912</F>
        <F>107.8179888245649</F>
        <F>53</F>
        <F>52</F>
        <F>95</F>
        <F>96</F>
        <F>141</F>
        <F>141</F>
      </Row>
      <Row index="179">
        <F>105.1601660280175</F>
        <F>106.4890774262912</F>
        <F>53</F>
        <F>53</F>
        <F>94</F>
        <F>95</F>
        <F>141</F>
        <F>141</F>
      </Row>
      <Row index="180">
        <F>103.8312546297439</F>
        <F>105.1601660280175</F>
        <F>54</F>
        <F>53</F>
        <F>93</F>
        <F>94</F>
        <F>141</F>
        <F>141</F>
      </Row>
      <Row index="181">
        <F>102.4989531513725</F>
        <F>103.8312546297439</F>
        <F>54</F>
        <F>54</F>
        <F>92</F>
        <F>93</F>
        <F>141</F>
        <F>141</F>
      </Row>
      <Row index="182">
        <F>101.1700417530989</F>
        <F>102.4989531513725</F>
        <F>55</F>
        <F>54</F>
        <F>91</F>
        <F>92</F>
        <F>141</F>
        <F>141</F>
      </Row>
      <Row index="183">
        <F>99.8411303548252</F>
        <F>101.1700417530989</F>
        <F>55</F>
        <F>55</F>
        <F>90</F>
        <F>91</F>
        <F>140</F>
        <F>141</F>
      </Row>
      <Row index="184">
        <F>98.51221895655152</F>
        <F>99.8411303548252</F>
        <F>56</F>
        <F>55</F>
        <F>89</F>
        <F>90</F>
        <F>140</F>
        <F>140</F>
      </Row>
      <Row index="185">
        <F>97.18330755827783</F>
        <F>98.51221895655152</F>
        <F>56</F>
        <F>56</F>
        <F>88</F>
        <F>89</F>
        <F>140</F>
        <F>140</F>
      </Row>
      <Row index="186">
        <F>95.85439616000417</F>
        <F>97.18330755827783</F>
        <F>57</F>
        <F>56</F>
        <F>86</F>
        <F>88</F>
        <F>140</F>
        <F>140</F>
      </Row>
      <Row index="187">
        <F>94.52548476173047</F>
        <F>95.85439616000417</F>
        <F>57</F>
        <F>57</F>
        <F>85</F>
        <F>86</F>
        <F>140</F>
        <F>140</F>
      </Row>
      <Row index="188">
        <F>93.19318328335916</F>
        <F>94.52548476173047</F>
        <F>58</F>
        <F>57</F>
        <F>84</F>
        <F>85</F>
        <F>140</F>
        <F>140</F>
      </Row>
      <Row index="189">
        <F>91.86427188508547</F>
        <F>93.19318328335916</F>
        <F>58</F>
        <F>58</F>
        <F>83</F>
        <F>84</F>
        <F>139</F>
        <F>140</F>
      </Row>
      <Row index="190">
        <F>90.5353604868118</F>
        <F>91.86427188508547</F>
        <F>59</F>
        <F>58</F>
        <F>82</F>
        <F>83</F>
        <F>139</F>
        <F>139</F>
      </Row>
      <Row index="191">
        <F>89.20644908853812</F>
        <F>90.5353604868118</F>
        <F>59</F>
        <F>59</F>
        <F>81</F>
        <F>82</F>
        <F>139</F>
        <F>139</F>
      </Row>
      <Row index="192">
        <F>87.87753769026445</F>
        <F>89.20644908853812</F>
        <F>60</F>
        <F>59</F>
        <F>80</F>
        <F>81</F>
        <F>139</F>
        <F>139</F>
      </Row>
      <Row index="193">
        <F>86.54862629199077</F>
        <F>87.87753769026445</F>
        <F>60</F>
        <F>60</F>
        <F>79</F>
        <F>80</F>
        <F>138</F>
        <F>139</F>
      </Row>
      <Row index="194">
        <F>85.21632481361945</F>
        <F>86.54862629199077</F>
        <F>61</F>
        <F>60</F>
        <F>78</F>
        <F>79</F>
        <F>138</F>
        <F>138</F>
      </Row>
      <Row index="195">
        <F>83.88741341534578</F>
        <F>85.21632481361945</F>
        <F>61</F>
        <F>61</F>
        <F>77</F>
        <F>78</F>
        <F>138</F>
        <F>138</F>
      </Row>
      <Row index="196">
        <F>82.5585020170721</F>
        <F>83.88741341534578</F>
        <F>62</F>
        <F>61</F>
        <F>76</F>
        <F>77</F>
        <F>138</F>
        <F>138</F>
      </Row>
      <Row index="197">
        <F>81.22959061879841</F>
        <F>82.5585020170721</F>
        <F>62</F>
        <F>62</F>
        <F>74</F>
        <F>76</F>
        <F>137</F>
        <F>138</F>
      </Row>
      <Row index="198">
        <F>79.90067922052472</F>
        <F>81.22959061879841</F>
        <F>62</F>
        <F>62</F>
        <F>73</F>
        <F>74</F>
        <F>137</F>
        <F>137</F>
      </Row>
      <Row index="199">
        <F>78.57176782225105</F>
        <F>79.90067922052472</F>
        <F>63</F>
        <F>62</F>
        <F>72</F>
        <F>73</F>
        <F>137</F>
        <F>137</F>
      </Row>
      <Row index="200">
        <F>77.23946634387973</F>
        <F>78.57176782225105</F>
        <F>63</F>
        <F>63</F>
        <F>71</F>
        <F>72</F>
        <F>136</F>
        <F>137</F>
      </Row>
      <Row index="201">
        <F>75.91055494560607</F>
        <F>77.23946634387973</F>
        <F>64</F>
        <F>63</F>
        <F>70</F>
        <F>71</F>
        <F>136</F>
        <F>136</F>
      </Row>
      <Row index="202">
        <F>74.58164354733238</F>
        <F>75.91055494560607</F>
        <F>64</F>
        <F>64</F>
        <F>69</F>
        <F>70</F>
        <F>136</F>
        <F>136</F>
      </Row>
      <Row index="203">
        <F>73.2527321490587</F>
        <F>74.58164354733238</F>
        <F>65</F>
        <F>64</F>
        <F>68</F>
        <F>69</F>
        <F>135</F>
        <F>136</F>
      </Row>
      <Row index="204">
        <F>71.92382075078503</F>
        <F>73.2527321490587</F>
        <F>65</F>
        <F>65</F>
        <F>66</F>
        <F>68</F>
        <F>135</F>
        <F>135</F>
      </Row>
      <Row index="205">
        <F>70.59490935251134</F>
        <F>71.92382075078503</F>
        <F>66</F>
        <F>65</F>
        <F>65</F>
        <F>66</F>
        <F>134</F>
        <F>135</F>
      </Row>
      <Row index="206">
        <F>69.26599795423766</F>
        <F>70.59490935251134</F>
        <F>66</F>
        <F>66</F>
        <F>64</F>
        <F>65</F>
        <F>134</F>
        <F>134</F>
      </Row>
      <Row index="207">
        <F>67.93369647586634</F>
        <F>69.26599795423766</F>
        <F>66</F>
        <F>66</F>
        <F>63</F>
        <F>64</F>
        <F>133</F>
        <F>134</F>
      </Row>
      <Row index="208">
        <F>66.60478507759267</F>
        <F>67.93369647586634</F>
        <F>67</F>
        <F>66</F>
        <F>62</F>
        <F>63</F>
        <F>133</F>
        <F>133</F>
      </Row>
      <Row index="209">
        <F>65.27587367931898</F>
        <F>66.60478507759267</F>
        <F>67</F>
        <F>67</F>
        <F>61</F>
        <F>62</F>
        <F>132</F>
        <F>133</F>
      </Row>
      <Row index="210">
        <F>63.9469622810453</F>
        <F>65.27587367931898</F>
        <F>68</F>
        <F>67</F>
        <F>59</F>
        <F>61</F>
        <F>132</F>
        <F>132</F>
      </Row>
      <Row index="211">
        <F>62.61805088277163</F>
        <F>63.9469622810453</F>
        <F>68</F>
        <F>68</F>
        <F>58</F>
        <F>59</F>
        <F>131</F>
        <F>132</F>
      </Row>
      <Row index="212">
        <F>61.28913948449795</F>
        <F>62.61805088277163</F>
        <F>68</F>
        <F>68</F>
        <F>57</F>
        <F>58</F>
        <F>131</F>
        <F>131</F>
      </Row>
      <Row index="213">
        <F>59.95683800612664</F>
        <F>61.28913948449795</F>
        <F>69</F>
        <F>68</F>
        <F>56</F>
        <F>57</F>
        <F>130</F>
        <F>131</F>
      </Row>
      <Row index="214">
        <F>58.62792660785296</F>
        <F>59.95683800612664</F>
        <F>69</F>
        <F>69</F>
        <F>55</F>
        <F>56</F>
        <F>129</F>
        <F>130</F>
      </Row>
      <Row index="215">
        <F>57.29901520957927</F>
        <F>58.62792660785296</F>
        <F>69</F>
        <F>69</F>
        <F>53</F>
        <F>55</F>
        <F>129</F>
        <F>129</F>
      </Row>
      <Row index="216">
        <F>55.97010381130559</F>
        <F>57.29901520957927</F>
        <F>70</F>
        <F>69</F>
        <F>52</F>
        <F>53</F>
        <F>128</F>
        <F>129</F>
      </Row>
      <Row index="217">
        <F>54.64119241303192</F>
        <F>55.97010381130559</F>
        <F>70</F>
        <F>70</F>
        <F>51</F>
        <F>52</F>
        <F>127</F>
        <F>128</F>
      </Row>
      <Row index="218">
        <F>53.31228101475824</F>
        <F>54.64119241303192</F>
        <F>70</F>
        <F>70</F>
        <F>50</F>
        <F>51</F>
        <F>126</F>
        <F>127</F>
      </Row>
      <Row index="219">
        <F>51.97997953638692</F>
        <F>53.31228101475824</F>
        <F>70</F>
        <F>70</F>
        <F>48</F>
        <F>50</F>
        <F>126</F>
        <F>126</F>
      </Row>
      <Row index="220">
        <F>50.65106813811325</F>
        <F>51.97997953638692</F>
        <F>71</F>
        <F>70</F>
        <F>47</F>
        <F>48</F>
        <F>125</F>
        <F>126</F>
      </Row>
      <Row index="221">
        <F>49.32215673983956</F>
        <F>50.65106813811325</F>
        <F>71</F>
        <F>71</F>
        <F>46</F>
        <F>47</F>
        <F>124</F>
        <F>125</F>
      </Row>
      <Row index="222">
        <F>47.99324534156588</F>
        <F>49.32215673983956</F>
        <F>71</F>
        <F>71</F>
        <F>45</F>
        <F>46</F>
        <F>123</F>
        <F>124</F>
      </Row>
      <Row index="223">
        <F>46.66433394329221</F>
        <F>47.99324534156588</F>
        <F>71</F>
        <F>71</F>
        <F>44</F>
        <F>45</F>
        <F>122</F>
        <F>123</F>
      </Row>
      <Row index="224">
        <F>45.33542254501853</F>
        <F>46.66433394329221</F>
        <F>71</F>
        <F>71</F>
        <F>42</F>
        <F>44</F>
        <F>122</F>
        <F>122</F>
      </Row>
      <Row index="225">
        <F>44.00651114674485</F>
        <F>45.33542254501853</F>
        <F>72</F>
        <F>71</F>
        <F>41</F>
        <F>42</F>
        <F>121</F>
        <F>122</F>
      </Row>
      <Row index="226">
        <F>42.67420966837354</F>
        <F>44.00651114674485</F>
        <F>72</F>
        <F>72</F>
        <F>40</F>
        <F>41</F>
        <F>120</F>
        <F>121</F>
      </Row>
      <Row index="227">
        <F>41.34529827009985</F>
        <F>42.67420966837354</F>
        <F>72</F>
        <F>72</F>
        <F>38</F>
        <F>40</F>
        <F>119</F>
        <F>120</F>
      </Row>
      <Row index="228">
        <F>40.01638687182617</F>
        <F>41.34529827009985</F>
        <F>72</F>
        <F>72</F>
        <F>37</F>
        <F>38</F>
        <F>118</F>
        <F>119</F>
      </Row>
      <Row index="229">
        <F>38.6874754735525</F>
        <F>40.01638687182617</F>
        <F>72</F>
        <F>72</F>
        <F>36</F>
        <F>37</F>
        <F>117</F>
        <F>118</F>
      </Row>
      <Row index="230">
        <F>37.35856407527881</F>
        <F>38.6874754735525</F>
        <F>72</F>
        <F>72</F>
        <F>35</F>
        <F>36</F>
        <F>116</F>
        <F>117</F>
      </Row>
      <Row index="231">
        <F>36.02965267700513</F>
        <F>37.35856407527881</F>
        <F>72</F>
        <F>72</F>
        <F>33</F>
        <F>35</F>
        <F>115</F>
        <F>116</F>
      </Row>
      <Row index="232">
        <F>34.69735119863383</F>
        <F>36.02965267700513</F>
        <F>72</F>
        <F>72</F>
        <F>32</F>
        <F>33</F>
        <F>113</F>
        <F>115</F>
      </Row>
      <Row index="233">
        <F>33.36843980036014</F>
        <F>34.69735119863383</F>
        <F>72</F>
        <F>72</F>
        <F>31</F>
        <F>32</F>
        <F>112</F>
        <F>113</F>
      </Row>
      <Row index="234">
        <F>32.03952840208646</F>
        <F>33.36843980036014</F>
        <F>72</F>
        <F>72</F>
        <F>29</F>
        <F>31</F>
        <F>111</F>
        <F>112</F>
      </Row>
      <Row index="235">
        <F>30.71061700381278</F>
        <F>32.03952840208646</F>
        <F>72</F>
        <F>72</F>
        <F>28</F>
        <F>29</F>
        <F>110</F>
        <F>111</F>
      </Row>
      <Row index="236">
        <F>29.3817056055391</F>
        <F>30.71061700381278</F>
        <F>72</F>
        <F>72</F>
        <F>27</F>
        <F>28</F>
        <F>109</F>
        <F>110</F>
      </Row>
      <Row index="237">
        <F>28.05279420726542</F>
        <F>29.3817056055391</F>
        <F>72</F>
        <F>72</F>
        <F>26</F>
        <F>27</F>
        <F>108</F>
        <F>109</F>
      </Row>
      <Row index="238">
        <F>26.72388280899174</F>
        <F>28.05279420726542</F>
        <F>72</F>
        <F>72</F>
        <F>24</F>
        <F>26</F>
        <F>106</F>
        <F>108</F>
      </Row>
      <Row index="239">
        <F>25.39158133062043</F>
        <F>26.72388280899174</F>
        <F>72</F>
        <F>72</F>
        <F>23</F>
        <F>24</F>
        <F>105</F>
        <F>106</F>
      </Row>
      <Row index="240">
        <F>24.06266993234675</F>
        <F>25.39158133062043</F>
        <F>72</F>
        <F>72</F>
        <F>22</F>
        <F>23</F>
        <F>104</F>
        <F>105</F>
      </Row>
      <Row index="241">
        <F>22.73375853407307</F>
        <F>24.06266993234675</F>
        <F>72</F>
        <F>72</F>
        <F>20</F>
        <F>22</F>
        <F>103</F>
        <F>104</F>
      </Row>
      <Row index="242">
        <F>21.40484713579939</F>
        <F>22.73375853407307</F>
        <F>71</F>
        <F>72</F>
        <F>19</F>
        <F>20</F>
        <F>101</F>
        <F>103</F>
      </Row>
      <Row index="243">
        <F>20.07593573752571</F>
        <F>21.40484713579939</F>
        <F>71</F>
        <F>71</F>
        <F>17</F>
        <F>19</F>
        <F>100</F>
        <F>101</F>
      </Row>
      <Row index="244">
        <F>18.74702433925203</F>
        <F>20.07593573752571</F>
        <F>71</F>
        <F>71</F>
        <F>16</F>
        <F>17</F>
        <F>99</F>
        <F>100</F>
      </Row>
      <Row index="245">
        <F>17.41472286088072</F>
        <F>18.74702433925203</F>
        <F>71</F>
        <F>71</F>
        <F>14</F>
        <F>16</F>
        <F>97</F>
        <F>99</F>
      </Row>
      <Row index="246">
        <F>16.08581146260703</F>
        <F>17.41472286088072</F>
        <F>71</F>
        <F>71</F>
        <F>13</F>
        <F>14</F>
        <F>96</F>
        <F>97</F>
      </Row>
      <Row index="247">
        <F>14.75690006433336</F>
        <F>16.08581146260703</F>
        <F>70</F>
        <F>71</F>
        <F>11</F>
        <F>13</F>
        <F>94</F>
        <F>96</F>
      </Row>
      <Row index="248">
        <F>13.42798866605968</F>
        <F>14.75690006433336</F>
        <F>70</F>
        <F>70</F>
        <F>10</F>
        <F>11</F>
        <F>93</F>
        <F>94</F>
      </Row>
      <Row index="249">
        <F>12.099077267786</F>
        <F>13.42798866605968</F>
        <F>70</F>
        <F>70</F>
        <F>8</F>
        <F>10</F>
        <F>92</F>
        <F>93</F>
      </Row>
      <Row index="250">
        <F>10.77016586951232</F>
        <F>12.099077267786</F>
        <F>70</F>
        <F>70</F>
        <F>7</F>
        <F>8</F>
        <F>90</F>
        <F>92</F>
      </Row>
      <Row index="251">
        <F>9.437864391141002</F>
        <F>10.77016586951232</F>
        <F>69</F>
        <F>70</F>
        <F>5</F>
        <F>7</F>
        <F>89</F>
        <F>90</F>
      </Row>
      <Row index="252">
        <F>8.108952992867323</F>
        <F>9.437864391141002</F>
        <F>69</F>
        <F>69</F>
        <F>4</F>
        <F>5</F>
        <F>87</F>
        <F>89</F>
      </Row>
      <Row index="253">
        <F>6.780041594593643</F>
        <F>8.108952992867323</F>
        <F>68</F>
        <F>69</F>
        <F>2</F>
        <F>4</F>
        <F>86</F>
        <F>87</F>
      </Row>
      <Row index="254">
        <F>5.451130196319964</F>
        <F>6.780041594593643</F>
        <F>68</F>
        <F>68</F>
        <F>1</F>
        <F>2</F>
        <F>84</F>
        <F>86</F>
      </Row>
    </GDALRasterAttributeTable>
    <Metadata>
      <MDI key="STATISTICS_MAXIMUM">132.24996590642</MDI>
      <MDI key="STATISTICS_MEAN">27.958348078504</MDI>
      <MDI key="STATISTICS_MINIMUM">5.45113019632</MDI>
      <MDI key="STATISTICS_STDDEV">22.468808567259</MDI>
    </Metadata>
  </PAMRasterBand>
</PAMDataset>
